1	001	88466	amigo robocob0302 esta claro de que tenemos vision muy distintas de lo que es la ludopatia y por tanto tenemos una vision muy diferente de como convatirla por supuesto yo creo que mi vision es mas aproximada a la realidad que la tuya pero de lo que si estoy seguro es que tu metodo de conbatir la ludopatia no silve si vemos la ludopatia desde mi punto de vista tu te empeña en que nos mentalicemos de lo adsurdo que es jugar y por tanto hemos de pensar que todos los que juegan son idiotas yo en cambio opino que para el que no esta enfermo el juego puede ser como cualquier otra actividad creo que si yo me hubiese propuesto apartarme del juego convenciendome de lo adsurdo que es jugar no lo habria conseguido en cambio me convenci de que indepentiendemente de que fuese de tonto jugar la realidad era que yo no podia jugar no porque fuese tonto jugar sino porque cuando yo juego pierdo todo el control soy incapaz de actuar racionalmente juego totalmente sin sentido y sin parar y logicamente hago burradas que una persona no enferma jamas haria en fin son puntos de vista pero ojo si te empeñas en aplicarte ese metodo de considerar que es adsurdo jugar y no te conciencia de que ademas de ser adsurdo jugar tu eres incapaz de jugar de folma controlada tal vez algun dia te veas metido otra vez en la mierda un abrazo__________________ vencer la ludopatia1º aceptacion 2º convencimiento 3ºresolusion y tratamiento
1	002	81969	no puedes tener recaida si no estas siguiendo un tratamiento serio si lo que estas haciendo es no jugar solo con el proposito de no jugar no tardaras mucho en jugar y eso no se puede llamar recaida tienes que tomar conciencia de que si eres adicto tienes que desterrar el juego de tu vida eso es largo y solo lo lograras cuando lleves años sin jugar mientras tanto tienes que tomar medidas que te impidan jugar si dejas una sola posibilidad de poder jugar jugaras cuando lleves mucho tiempo sin jugar te iras dando cuenta que puedes tener una vida normal en la que el juego no sea parte de ella pero si eres adicto en cuanto empieces a jugar se disparan todos los demonios y pirdes el control juegas sin pensar en nada mas y logicamente acabas con grandes estropicios yo me he tirado años sin jugar y un dia determinado he querido jugar un poco y he perdido el control hoy en dia vivo perfectamente sin plantearme en ningun momento la posibilidad de jugar simplemente he aceptado que para mi el juego es letal y paso de el sin mas en espero que te haya quedado claro tienes una edad en la que la vida te ofrece cantidad ingente de cosas que te hagan sentir tanta emocion como el juego sin que tengan las consecuencias nefactas del juego busca esas actividades que te hagan sentirte realizado y veras que no nesecitas el juego en tu vida__________________ vencer la ludopatia1º aceptacion 2º convencimiento 3ºresolusion y tratamiento
1	003	145071	En mi caso cuando yo lo conoci era un hombre completamente sano un hombre maduro super bien parado ante la vida exitoso economicamente tenia negocios propiedades era un hombre sensacional porq ademas de tener una muy buena situacion economica es un hombre sencillo apacible dulce cariñoso de hablar pausado y es un hombre con mucha clase es fino y elegante a los dos o tres años de conocerlo fue q comenzo a jugar como todos por diversion en ese tiempo yo estudiaba en la universidad y pues no jugaba para nada no me gustaba ningun tipo de juegos luego de q me gradue planeamos casarnos e irnos a vivir a Norte America por lo q vendio casi todas sus propiedades menos la casa donde viviriamos al casarnos al no trabajar tenia mucho tiempo libre y comenzo a jugar mas luego de q nos casamos yo comence a acompañarlo porq siempre estaba sola en casa y bueno con el tiempo tambien me volvi jugadora compulsiva jugabamos a diario por horas hizo algunos negocios pero no salieron bien ya no estaba tan concentrado en producir dinero trabajando sino jugando nos sumergimos completamente en el mundo del juego sin importar nada nos alejamos de nuestras familias amigos en fin era nuetsro pequeño mundo el yo y el juego asi transcurrieron como 4 años se fue gastando el dinero un dia le salio una oportunidad de un supuesto buen negocio y ya no habia dienro para hacerlo por lo q decidio vender el apartamento en el q viviamos de ahi nos fuimos a vivir en un anexo al lado de la casa de mi madre 
1	004	81154	Mario detecto que te estas esforzando mucho por convencerte que estas mejor sin jugar tratas de buscar las partes positivas del hecho de no jugar pero creo que deberias ya de empezar a no valorar las ventajas y desventajas de jugar deberias de empezar a considerar el juego como algo fuera de tu vida no deberias estar tan pendiente de lo bueno que es no jugar simplemente deberias de vivir sin pensar en el juego en ninguna de sus facetas simplemente te tienes que convencer que tu estas incapacitado para jugar lo de si tiene sentido jugar o no no deberia de preocuparte no se si me estoy explicando intento decirte que para conseguir una buena rehabilitacion no nesecitamos valorar si el juego es una actividad mas o menos adsurda simplemente debemos de concienciarnos que nosotros no podemos jugar da igual si el juego es absurdo o fantastico nuestro poblema no es lo bueno o malo que sea el juego nuestro poblema es que tenemos un comportamiento incorrecto ante esa actividad no somos capaces de mantener un minimo control cuando jugamos por tanto no podemos jugar independientemente de que jugar sea adsurdo o no aparte he visto tu dia de cumpleaños y curiosamente coinsidimos simplemente es una curiosidad animos__________________ vencer la ludopatia1º aceptacion 2º convencimiento 3ºresolusion y tratamiento
1	005	287798	 por qué has seguido jugando 
1	006	168337	bueno yo sigo repitiendome LUDOPATIA incapacidad de jugar de folma racional mas o menos TRATAMIENTO por lo visto y mientra no haya alguien que descubra alguna cura solamente podemos no jugar CAUSA O MOTIVO por lo visto son diversas segun el individuo en base a estos puntos y apoyandonos en los testimonios la verdadera lucha esta en conseguir no jugar y que eso no nos suponga vivir angustiado para conseguir esa meta y dado que tenemos un habito mas o menos fuerte a jugar debemos de empezar por hacer que nos resulte imposible el jugar de ahi las famosas nolmas pero dichas nolmas solo son una ayuda para lograr superar el habito y en algunos casos como el mio donde por trabajo u otros motivos no se puedan utilizar dichas nolmas es esencial buscar algun medio para que mientras no consigamos romper o vencer el habito de jugar no tengamos posibilidad de jugar yo por ejemplo utilize una pegatina para hacer saber a todo mi entorno que era ludopata con esto consegui no tener fuerza moral para ponerme a jugar delante de personas a las que de algun modo habia dicho que para mi el juego era una enfermedad y no un placer no digo que nadie tenga que hacer lo mismo pero si digo que una vez asumido que nuestra unica solucion es aprender a vivir sin juego debemos de poner todos nuestros recursos en conseguir vencer el abito una vez superado eso nuestra vida se desarrolla perfectamente sin jugar y como somos conciente de que no podemos tocar el juego pues simplemente no lo tocamos y si en alguna ocasion y debido a alguna situacion entre amigos o algo parecido tenemos la tentacion de tocarlo solo debemos de pensar que si lo hacemos es seguro que nos bamos a descontrolar que somos incapaces de jugar del mismo modo que lo hacen nuestros amigos asi pues nos escusamos y pasamos de esa actividad de este modo nuestra vida va perfectamente y lo mismo que entre nuestros conocidos hay algun alergico u diabetico u cojo o con cualquier otra pequeña discapacidad que en algun momento les impide hacer alguna actividad que los demas vallamos ha hacer asi mismo nosotros debemos de privarnos de jugar cuando esa actividad se valla ha desarrollar entre nuestros amigos o familiares os aseguro que ahora que vivo aceptando esta pequeña discapacidad mi vida va perfectamente sin ningun tipo de angustia por culpa del juego un abrazo __________________ vencer la ludopatia1º aceptacion 2º convencimiento 3ºresolusion y tratamiento
1	007	62278	HOLA JONASTURIANO Yo sre breve en cuanto a mi opinion y lo mejor es con ejemplos mios soy ludopata y jugador de ajedrez yo he jugado al poquer mucho y he ganado en mesas con jugadores mucho mas buenos que yo pero logicamente dada mi enfermedad abre ganado mucho dinero al poquer pero despues lo perdi por que creo que puedo ganar a cualquiera en el poquer y eso me llama la atenciony en el ajedrez me han ofrecido jugadores semiprofesionales de que yo ponia 20 euros si ganaba yo o hacia tablas ellos me darian 1000 euros pero si perdia se quedaban los 20 euros y nunca me atrevi ni senti el deseo de jugar por dinero por que estaba claro que el azar no influiria hay y es que si el ajedrez fuese un juego de cartas se jugarian con las cartas bocarriba y no boca abajo y por ultimo estando en tratamiento le pregunte a mi psicologo si podia jugar torneos de ajedrez donde habia premios en metalicos para el que ganara el torneo y quedase de los primeros y que yo tendria que poner dinero para jugar y yo teniendo posibilidades reales de quedar primero o entre los primeros y me dijo que si en un torneo que jugue y habia bastante dinero en juego partia yo como el 2 del ranking pero cuando juego al ajedrez no juego por lo economico juego porque este si que es un deporte reconocido y necesitas de habilidad mental para ganar y de estudiar y entrenar y practicar yo podria jugar con el campeon del mundo de poquer 100 manos y alguna le ganare y puedo jugar con el campeon del mundo del ajedrez 100 partidas cada dia durante el resto de mi vida y no ganare ninguna 
1	008	54850	cuando hablo de valorar el dinero me refiero precisamente a eso a no derrochar a comprar lo necesario a disfrutar de una cena con amigos un buen vino en noche buena muchas nochebuenas he bebido vino de garrafon por haberme gastado la paga jugando Y LO QUE NO ERA LA PAGA un compañero al que le reprochaban que se gastaba demasiado en ropa comida etc decia una frase que he hecho mia HE ESTADO MEDIA VIDA GASTANDOME EL DINERO EN JUGAR PERO SIN VIVIR Y SOLO DESEO PASARME LA OTRA MEDIA GASTANDOME EL DINERO EN VIVIR PERO SIN JUGAR saludos M
1	009	88287	a mi nunca me funciono el autoconvencimiento en esos momentos me decia no lo hagas no seas tan cabron sabes de sobra cual sera el final y cosas por el estilo pero acababa haciendolo todo esto cuando ya estaba en busca de una recuperacion en verdad es dificil cuando no podemos aplicar medidas que nos haga imposible jugar mientras no conseguimos llegar al convencimiento total de que no hemos de jugar yo tome muchas medidas que resultaron inutiles como cojia el dinero poco a poco producto de mis ventas casi nunca consegia llegar a casa con el dinero asi pues me hice con un bolso donde podia meter el dinero pero no sacarlo hata que llegara a casa alli tenia la llave pero que pasaba que el dia que tenia los cables crusados despues de llegar a casa volvia a salir otra medida que tome fue hacer que en todos los sitios que frecuentaba supieran que era ludopata eso hizo que por pudor no jugara en esos sitios pero me busque otros para ir a jugar en fin ya ves dificil dificil pero con mucha insistencia y sobre todo reorganisando mis habitos haciendo que mi vida me fuera sastifaciendo al margen del juego logre convencerme pero de verdad que en mi vida el juego no tenia sitio y si es cierto que aun a veces siento deseos pero es superior mi convencimientode que el jugo me destruye y asi logro mantenerme sin jugar__________________ vencer la ludopatia1º aceptacion 2º convencimiento 3ºresolusion y tratamiento
1	010	344077	Se que estoy metido en un problema con esto del juego del jackpot pero si tengo dinero mio y no lo tengo comprometido lo primero que pienso es en las maquinas pero imaginense si me quedo sin nada de dinero voy a una casa de empeño para empeñar mi anillo de matrimonio para que me den mas plata para seguir jugando ademas si se me acaba esa voy donde un amigo para que me preste un poquito para comprar algo que necesitaba listo me los presta no compro lo que necesito y me voy a jugar otra vez pensando en la recuperacion empiezo a ganar la maquina me da un premio con la que me puedo recuperar lo perdido y me ofrece la opcion de doblar o acumular el dinero se me hace casi imposible decirle que acumule doblo y por lo general siempre pierdo me maltrato verbalmente a mi mismo y me arrepiento de lo que hice pasa la tarde o la mañana y estoy desesperado por la plata que perdi que era mia por la que debo en la casa de empeño por el anillo por la que le debo a mis amigos y muy mal por la oportunidad que tuve para recuperarme y la desaproveche entro en chock emocional no quiero saber de nada no rindo en el trabajo tengo que decirle mentiras a mi mujer de donde estaba y mejor dicho estoy destrozado con ganas de recuperar mi dinero y pagar todas las deudas en las que me he metido por culpa de este juego mald i t __________________Luis
2	001	116022	a partir de los 25 me apunte a una asociacion que mi novia me busco fueron unos primeros meses muy duros en los que me diagnosticaron una ludopatia de 16 entre una escala del 1 al 20 la mayoria de gente que va a las asociaciones esta entre 10 y 15 no podia mirar las maquinas cuando pasaba por enfrente de un bar no podia llevar dinero encima tenia que hacer tecnicas de relajacion pero nada al principio seguia jugando hasta que llego un dia que no se como ni porque cogi aire y empeze a no mirar a no llevar dinero a tragarme la adrenalina que corria dentro mio y ha tirar para adelante los pensamientos me invadian el corazon se aceleraba dia tras dia pero hay estaba yo previniendo sin dinero y sin mirarlas pero poco a poco sin saber como va pasando a un segundo plano el juego y cada vez mas habia conseguido estar un año sin jugar hasta que un dia volvi a caer el problema fue una crisis de ansiedad que me derivo a buscarme la vida y a trapichear para acabar jugando pero jugue un dia y no volvi a jugar ya que no manejo dinero y busco otras actividades actualmente llevo 191 dias sin jugar y lo llevo muy bien aunque siempre estoy alerta y por supuesto tomando las medidas preventivas ahora tengo 27 años y en este ultimo año y medio he conseguido pagar mis deudas comprarme un coche play 3 ordenador crucero y muchas mas cosas os aseguro que no me ha tocado la loteria pues todo esto lo hecho trabajando y tomando las medidas preventivas a partir de los 27 
2	002	39157	La mayoría de los ludopatas que entramos en el foro lo hacemos cuando nos encontramos en una situación dramática económicamente hablando En esas circunstancias estamos totalmente convencido de que nunca más jugaremos si conseguimos arreglar la situación Aún no comprendemos que estamos atrapados por una enfermedad Al igual que no comprendemos como hemos llegado tan lejos tampoco comprendemos que la enfermedad hará exactamente lo mismo en cuanto tenga ocasión Está situacion dramática deberíamos aprovecharla para tomar conciencia de la realidad y empecemos un tratamiento adecuado Nos decimos si salgo de esta nunca más juego Pero eso no depende de nuestra voluntad El planteamiento correcto debería de ser Me pongo en tratamiento acudo a profesionales pido ayuda a los míos para poder hacer una rehabilitación correcta Cuando mi rehabilitación este encaminada y con buenas perspectivas trataré de buscar solución va lo económico Por supuesto pensaréis es que no tengo ni para comer Chicos la situación catastrófica se repite una y otra vez mientras no nos rehabilitamos Y cada vez va empeorando perdiendo mucho más que dinero Haciendo cosas inmorales y en contra de nuestra moral bajo la excusa de que no nos queda más remedio Yo jamás robe para jugar Pero si lo hice para que mis hijos pudieran comer El caso es que mis hijos no tenían para comer porque el día anterior me lo había gastado jugando Es muy fácil perder la dignidad justificando nos en una situación dramática olvidando que esa situación es causada por la ludopatía En fin yo entiendo que el que entra aquí agobiado por no tener ni para comer y con deudas inasumibles lo hace buscando como mínimo un poco de empatía pero lo que de verdad nesecita es entender que está enfermo y que está situación se le va a repetir continuamente si no empieza por combatir la enfermedad y en ese caso las buenas intenciones no sirven de nada Saludos
2	003	71578	pues centrate en que hay solucion te aseguro que una vez aceptado lo de que esto es una enfermedad y que tiene tratamiento encontraras el modo de aplicarte a tus circunstancia un tratamiento efectivo yo no he tenido ayuda profecional ni de familiares y a pesar de eso he seguido un tratamiento basado en las indicaciones aqui expresadas adaptando mis circunstancias primero logre la abtinencia forzada y luego poco a poco la concienciacion de mi incapacidad ante el juego lo cual a hecho que en mi vida el juego no tenga lugar por supuesto tengo las dificultades de todos esta vida nos da mas insabores que alegrias pero la vivo sin tener que buscar refugio en el juego cosa que antes si hacia y que debido a la alta capacidad que tiene el juego de adiccion me convirtio en adicto del modo que lo que era un resfugio para mis males se convirtio en mi mal mayor si chica lo ideal es tener ayuda pero si no disponemos de ella tenemos capacidad para entender que estamos enfermos y tenemos que seguir un tratamiento logicamente todo esto es paso a paso pero con desicion se logra espero que seas capaz de librarte de esta exclavitud que no por librarte de ella vas a tener una vida de rosas pero al menos seras libre para vivirla lo mejor que puedas puedes contar conmigo para lo que nesecites un abrazo __________________ vencer la ludopatia1º aceptacion 2º convencimiento 3ºresolusion y tratamiento
2	004	344077	Se que estoy metido en un problema con esto del juego del jackpot pero si tengo dinero mio y no lo tengo comprometido lo primero que pienso es en las maquinas pero imaginense si me quedo sin nada de dinero voy a una casa de empeño para empeñar mi anillo de matrimonio para que me den mas plata para seguir jugando ademas si se me acaba esa voy donde un amigo para que me preste un poquito para comprar algo que necesitaba listo me los presta no compro lo que necesito y me voy a jugar otra vez pensando en la recuperacion empiezo a ganar la maquina me da un premio con la que me puedo recuperar lo perdido y me ofrece la opcion de doblar o acumular el dinero se me hace casi imposible decirle que acumule doblo y por lo general siempre pierdo me maltrato verbalmente a mi mismo y me arrepiento de lo que hice pasa la tarde o la mañana y estoy desesperado por la plata que perdi que era mia por la que debo en la casa de empeño por el anillo por la que le debo a mis amigos y muy mal por la oportunidad que tuve para recuperarme y la desaproveche entro en chock emocional no quiero saber de nada no rindo en el trabajo tengo que decirle mentiras a mi mujer de donde estaba y mejor dicho estoy destrozado con ganas de recuperar mi dinero y pagar todas las deudas en las que me he metido por culpa de este juego mald i t __________________Luis
2	005	353971	Queridos foreros es la primera vez que entro en este foro y al leeros me doy cuenta que nunca se cura esta enfermedad El problema es que yo llebo 29 años aguantando los malos rollos y el sufrimiento que esto supone y ya tiro la toalla se lo dije a mi marido y me dijo que era el el que tenia que luchar pero nunca hace nada se cree que e l solo puede salir y se engaña pero no a mí Un dia hace años le lleve a un centro engañado claro pero sabeis cuanto duró la primera entrevista Claro es tan inteligente con tanta fuerza de voluntad que claro no necesita nada y ya no tengo ganas ni fuerza y si soy sincera conmigo ni me importa creo ol que le pase porque estoy mas quemá que las maracas de Machin El caso que fuy ya arta a una asociacion del Gobert Balear y me dijeron que estaba haciendo de madre DE MADRE y no me extraña por su comportamiento se cree con TODOS LOS DERECHOS y pocas obligaciones ya que el peso de todo casi lo llevo yo Me dieron informacion de donde tiene él que acudir y que le diera un tiempo para pensar y si ni reaccionara preparar los papeles del divorcio Cuando tube oportunidad le dí la información pero no le dije lo del divorcio pues ese dia que hiba a decirselo chachan me regala la primera colonia que me regaló hace 28 años creo que se olia algo pero en cuanto benga de viaje y retomemos esto le diré que la que se dá un tiempo soy yo no él para si no veo algo positivo me divorcio y problema resuelto que ya esta bien que me quite un peso que ya no soporto Pufffffff seguro que menudo rollo os he dado pero creo que alguien por ahí me entiende un beso a to s y animo a los que si luchais por vuestras familias y estais en tratamiento
2	006	168337	bueno yo sigo repitiendome LUDOPATIA incapacidad de jugar de folma racional mas o menos TRATAMIENTO por lo visto y mientra no haya alguien que descubra alguna cura solamente podemos no jugar CAUSA O MOTIVO por lo visto son diversas segun el individuo en base a estos puntos y apoyandonos en los testimonios la verdadera lucha esta en conseguir no jugar y que eso no nos suponga vivir angustiado para conseguir esa meta y dado que tenemos un habito mas o menos fuerte a jugar debemos de empezar por hacer que nos resulte imposible el jugar de ahi las famosas nolmas pero dichas nolmas solo son una ayuda para lograr superar el habito y en algunos casos como el mio donde por trabajo u otros motivos no se puedan utilizar dichas nolmas es esencial buscar algun medio para que mientras no consigamos romper o vencer el habito de jugar no tengamos posibilidad de jugar yo por ejemplo utilize una pegatina para hacer saber a todo mi entorno que era ludopata con esto consegui no tener fuerza moral para ponerme a jugar delante de personas a las que de algun modo habia dicho que para mi el juego era una enfermedad y no un placer no digo que nadie tenga que hacer lo mismo pero si digo que una vez asumido que nuestra unica solucion es aprender a vivir sin juego debemos de poner todos nuestros recursos en conseguir vencer el abito una vez superado eso nuestra vida se desarrolla perfectamente sin jugar y como somos conciente de que no podemos tocar el juego pues simplemente no lo tocamos y si en alguna ocasion y debido a alguna situacion entre amigos o algo parecido tenemos la tentacion de tocarlo solo debemos de pensar que si lo hacemos es seguro que nos bamos a descontrolar que somos incapaces de jugar del mismo modo que lo hacen nuestros amigos asi pues nos escusamos y pasamos de esa actividad de este modo nuestra vida va perfectamente y lo mismo que entre nuestros conocidos hay algun alergico u diabetico u cojo o con cualquier otra pequeña discapacidad que en algun momento les impide hacer alguna actividad que los demas vallamos ha hacer asi mismo nosotros debemos de privarnos de jugar cuando esa actividad se valla ha desarrollar entre nuestros amigos o familiares os aseguro que ahora que vivo aceptando esta pequeña discapacidad mi vida va perfectamente sin ningun tipo de angustia por culpa del juego un abrazo __________________ vencer la ludopatia1º aceptacion 2º convencimiento 3ºresolusion y tratamiento
2	007	200075	hola a todos algunos foreros ya me conocen para los q no pues ayer 24 de junio cumpli 10 MESES SIN APOSTAR y aveces me cuesta creer lo q e logrado pues no creia en mi pensaba q era un ser incapaz de salir de el juego y las apuestas nbs p nbs p nbs p apostaba en todo lo q podia casinos caballos perros futbol en el billar cualquier cosa era para mi una apuesta pero por increible q esto parezca logre salir del juego y eso me a traido muchos beneficios mas de lo q pude imaginar alguna vez y estoy feliz nbsp nbsp solo quize compartir esto con ustedes para de una forma motivar a los q todavia no encuentran el camino espero y esto les sirva como ejemplo para reflexionar y a la vez quiero agradecer a los foreros pues sin ustedes pienso q esto no habria sido posible y es reconfortante saber q si se puede q si hay una esperanza y q por mas fuerte q sea tu caso siempre tendras una oportunidad y nunca es tarde piensalo no me queda mas q agradecer infinitamente por el apoyo brindado a todos ustedes amigos compañeros y ex ludopatas nunca me cansare de agradecer a dios por haber puesto esta pagina en mi camino y a ustedes foreros q son mi fortaleza y mi razon de seguir adelante y q venga el mes 11 libre de juego __________________si el juego te ata aunque ganes estas perdido
2	008	170608	Cada vez que mentimos son como ventanas que dejamos abiertas para que se metan por allí los llamados de este fantasma que parece estar detrás de cada oportunidad para llevarnos de la mano al vacío 
2	009	88287	a mi nunca me funciono el autoconvencimiento en esos momentos me decia no lo hagas no seas tan cabron sabes de sobra cual sera el final y cosas por el estilo pero acababa haciendolo todo esto cuando ya estaba en busca de una recuperacion en verdad es dificil cuando no podemos aplicar medidas que nos haga imposible jugar mientras no conseguimos llegar al convencimiento total de que no hemos de jugar yo tome muchas medidas que resultaron inutiles como cojia el dinero poco a poco producto de mis ventas casi nunca consegia llegar a casa con el dinero asi pues me hice con un bolso donde podia meter el dinero pero no sacarlo hata que llegara a casa alli tenia la llave pero que pasaba que el dia que tenia los cables crusados despues de llegar a casa volvia a salir otra medida que tome fue hacer que en todos los sitios que frecuentaba supieran que era ludopata eso hizo que por pudor no jugara en esos sitios pero me busque otros para ir a jugar en fin ya ves dificil dificil pero con mucha insistencia y sobre todo reorganisando mis habitos haciendo que mi vida me fuera sastifaciendo al margen del juego logre convencerme pero de verdad que en mi vida el juego no tenia sitio y si es cierto que aun a veces siento deseos pero es superior mi convencimientode que el jugo me destruye y asi logro mantenerme sin jugar__________________ vencer la ludopatia1º aceptacion 2º convencimiento 3ºresolusion y tratamiento
2	010	6809	He dicho infinidad de veces que el foro no es ningún tipo de terapia La función del foro en todo caso es la de ayudar a entender lo que nos pasa y busquemos las ayudas necesarias para seguir un tratamiento adecuado El foro trata de dar información y empatía y sobretodo fe y esperanza de que siempre siempre estamos a tiempo de salir de este infierno nunca nunca es demasiado tarde por muy hondo que se haya caído Pero indudablemente hay que seguir un tratamiento realista acorde con nuestro mal no el mal que creemos tener sino el auténtico mal y para poder identificar nuestro verdadero mal casi nunca basta con leer nesecitamos que un profesional nos diagnostique y nos indique el tratamiento adecuado La ludopatia entre muchas otras cosas lo que hace es distorsionar nuestra percepción de la realidad y por tanto no estamos capacitados para autodianogticarnos correctamente minivaluramos la gravedad del mal que nos afecta y por tanto aplicamos un tratamiento ineficaz a nuestra realidad__________________vencer la ludopatia 1º aceptacion 2º convencimiento 3ºresolusion y tratamiento
3	001	101840	HOLA Decis que quereis dejar de jugar como todo el mundo pero ne deceis que hareis o que haceis para dejar de jugar es primordial convertir los deseos en hechos si no los deseos se quedaran en simples deseos explicar que os han parecido las medidas preventivas y si las vais a aplicar o no o que metodo ultilizareis para dejar de jugar desahogarse aqui y explicar vuestras azañas aqui solo no os sacaran del juego aunque no este mal que lo hagais en eso no os juzgo os animo a que expliqueis que areis no que quereis que eso ya lo sabemos animo __________________juegan con nuestra psicologia no lo permitas por una razon muy simple solo se vive una vez 
3	002	116078	o para que se entienda de una forma muy rapida y facil yo llevo ahora 216 dias sin jugar y este findesemana tuve ganas de jugar pero que paso pues que no pude acceder al dinero ya que estoy tomando las medidas preventivas y asi no jugue y sigo sumando dias para estos casos estan las medidas preventivas y me alegro en esos momentos de hacerlas ya que el mayor tiempo no tengo la sensacion de jugar y os preguntareis si no lleva dinero y no se expone al juego por que te entraron ganas de jugar 
3	003	345410	la realidad es que sentimos grandes impulsos por jugar y que cuando sucumbimos a esos impulsos nos cegamos y solo vemos juego tal vez si supieramos cual es el motivo que nos produce esos impulsos lograriamos entenderlo mejor pero nada mas suponte que llegas a la conclusion de que juegas por conseguir dinero que cambiaria acaso tratando de convencerte de que es imposible ganar dinero serias capaz de dejar de tener impulsos por jugar yo no lo creo es indudable que gran parte del atractivo del juego es la posibilidad de ganar pero los ludopatas jugamos totalmente de forma descontrolada por lo que es imposible que ganemos porque somos incapaces de dejar de jugar al no ser que lo perdamos todo ya se que nos hemos ido muchas veces sin gastar todo lo que teniamos pero en realidad no nos hemos ido cuando de verdad deberiamos haberlo hecho mira yo te he dicho anteriormente que en mi caso juego porque me gusta el juego y si no lo hago es porque soy imcapaz de jugar de folma racionar pero si pudiera hacerlo de modo que solo jugase el dinero y el tiempo que de antemano planeara jugaria y jugaria porque al jugar tengo sensaciones que me gustan puede ser como tu dices esa ilucion de ganar pero cuando no gano mientras he estado jugando lo he pasado bien logicamente si consigo ganar eso ya es la hostia pero la mayoria de veces no ganos y me sigue gustando logicamente en el momento que soy conciente que por jugar me estoy proposionandos unos problemas economicos y familiares ese placer que siento a jugar se ve mezclado con un gran sufrimiento y mucho mas cuando empiezo a darme cuenta de que soy un pelele en mano de esta enfermedad reitero una vez que hemos llegado a este grado de adiccion el ganar es simplemente parte del juego pero nunca el detonante aunque para conseguir burlar todas las trabas que nos ponemos intentemos convencernos que lo hacemos por mejorar un poco nuestra situacion e insisto que mas da porque jugamos 
3	004	168337	bueno yo sigo repitiendome LUDOPATIA incapacidad de jugar de folma racional mas o menos TRATAMIENTO por lo visto y mientra no haya alguien que descubra alguna cura solamente podemos no jugar CAUSA O MOTIVO por lo visto son diversas segun el individuo en base a estos puntos y apoyandonos en los testimonios la verdadera lucha esta en conseguir no jugar y que eso no nos suponga vivir angustiado para conseguir esa meta y dado que tenemos un habito mas o menos fuerte a jugar debemos de empezar por hacer que nos resulte imposible el jugar de ahi las famosas nolmas pero dichas nolmas solo son una ayuda para lograr superar el habito y en algunos casos como el mio donde por trabajo u otros motivos no se puedan utilizar dichas nolmas es esencial buscar algun medio para que mientras no consigamos romper o vencer el habito de jugar no tengamos posibilidad de jugar yo por ejemplo utilize una pegatina para hacer saber a todo mi entorno que era ludopata con esto consegui no tener fuerza moral para ponerme a jugar delante de personas a las que de algun modo habia dicho que para mi el juego era una enfermedad y no un placer no digo que nadie tenga que hacer lo mismo pero si digo que una vez asumido que nuestra unica solucion es aprender a vivir sin juego debemos de poner todos nuestros recursos en conseguir vencer el abito una vez superado eso nuestra vida se desarrolla perfectamente sin jugar y como somos conciente de que no podemos tocar el juego pues simplemente no lo tocamos y si en alguna ocasion y debido a alguna situacion entre amigos o algo parecido tenemos la tentacion de tocarlo solo debemos de pensar que si lo hacemos es seguro que nos bamos a descontrolar que somos incapaces de jugar del mismo modo que lo hacen nuestros amigos asi pues nos escusamos y pasamos de esa actividad de este modo nuestra vida va perfectamente y lo mismo que entre nuestros conocidos hay algun alergico u diabetico u cojo o con cualquier otra pequeña discapacidad que en algun momento les impide hacer alguna actividad que los demas vallamos ha hacer asi mismo nosotros debemos de privarnos de jugar cuando esa actividad se valla ha desarrollar entre nuestros amigos o familiares os aseguro que ahora que vivo aceptando esta pequeña discapacidad mi vida va perfectamente sin ningun tipo de angustia por culpa del juego un abrazo __________________ vencer la ludopatia1º aceptacion 2º convencimiento 3ºresolusion y tratamiento
3	005	344297	La Asociación Americana de Psiquiatría American Psychiatric Association define a la ludopatía como una entidad que consta de cinco o más de los siguientes síntomas Hay preocupación por el juego pasa mucho tiempo pensando en el juego como experiencias pasadas o formas de conseguir más dinero con que jugar Necesidad de apostar cantidades cada vez más grandes de dinero para sentir excitación Intentos repetidos e infructuosos por jugar menos o dejar de jugar Inquietud o irritabilidad cuando itenta jugar menos o dejar de jugar Jugar para escapar de los problemas o de sentimientos de tristeza o ansiedad Intentar recuperar las pérdidas apuesta mayores cantidades de dinero para intentar recuperar las pérdidas previas Mentir sobre la cantidad de tiempo o dinero gastada en el juego Cometer crímenes para conseguir dinero para el juego Pérdida del trabajo relaciones importantes u oportunidades en sus estudios o en su carrera debida al juego Necesidad de pedir dinero prestado para sobrevivir debido a las pérdidas ocasionadas por el juego Lo saque de esta página hay otras cosas que pueden interesarte Dirección de esta página http www nlm nih gov medlineplus spanish ency article 0015 20__________________24 hs 
3	006	16946	No es cuestión de si tengo buen o mal día Simplemente digo debatir a esta altura sobre si la ludopatía se cura o no y decir que un rehabilitado puede jugar esporádicamente y por tanto se considera curado digo que es una gilipollez este debate Además decir que el no jugar no es el tratamiento para la ludopatía sigue siendo una gilipollez Da igual si no nesecitas jugar da igual si no piensa en el juego si eres ludopata tu tratamiento es no jugar Y por supuesto la rehabilitación lo que persigue es que puedas mantener el tratamiento no jugar sin que te afecte Y si a alguien le molesta mi expresión gilipolleces pido disculpas dado que no pretendo ofender a nadie Para mí significa que ese tema no tiene propiedad de ser debatido dado que todos hemos sufrido para conseguir no jugar y por tanto no tiene sentido ahora debatir si es tratamiento o no lo mismo que entre nosotros debatir si rehabilitado equivale a curado Ok un abrazo__________________vencer la ludopatia 1º aceptacion 2º convencimiento 3ºresolusion y tratamiento
3	007	164040	 Aca tiene una lista por si les sirve de ayuda Pasar mucho tiempo pensando en el juego como experiencias pasadas o formas de conseguir más dinero con que jugar Necesidad de apostar cantidades cada vez más grandes de dinero para sentir excitación Haber tenido muchos intentos infructuosos por jugar menos o dejar de jugar Sentirse inquieto o irritable al tratar de jugar menos o dejar de jugar Jugar para escapar de los problemas o de sentimientos de tristeza o ansiedad Apostar mayores cantidades de dinero para intentar recuperar las pérdidas previas Mentir sobre la cantidad de tiempo o dinero gastada en el juego Cometer delitos para conseguir dinero para jugar Perder el trabajo una relación u oportunidades en sus estudios o en su carrera debido al juego Necesidad de pedir dinero prestado para sobrevivir debido a las pérdidas ocasionadas por el juego
3	008	39839	Mira el dejar de jugar temporalmente es algo que casi todos los que pasan por aquí consiguen con medidas y sin ellas El principal problema es conseguir concienciarse de la incapacidad que tenemos ante el juego Es muy difícil después de estar cierto tiempo sin jugar con o sin medidas asimilar nuestra incapacidad ante el juego Tendemos a pensar que si estamos en una situación estable y sabiendo lo que sabemos somos capaces de planificar un rato y una cantidad determinada para jugar sin salirnos de lo planificado No logramos entender el porqué no puede ser eso así La realidad es que no podemos jugar de forma planificada y eso nos cuesta mucho asimilarlo Tu con tus post dejabas entre ver qué eso sí es posible con lo que eso supone para los compañeros que andan en esta encrucijada Por ese motivo me he metido en tus post Seguramente hay diversos caminos para llegar a buen puerto pero lo que es indudable es que un ludopata y digo ludopata no otros posibles trastornos relacionados con el juego reitero es indudable que un ludopata no puede jugar con control nunca Llegar a ese convencimiento es esencial para poderse sentir rehabilitado y hacer una vida plena Tus post ponían en duda esa verdad o al menos así yo lo percibí Un abrazo
3	009	80975	sea que uno que tenga la costumbre de jugar que haga lo posible de que otro no lo haga hombre yo soy muy cabezon cuando tengo un saco de patatas podridas meto unas cuantas sanas tratanto de que las sanas sanen a las podridas pero siempre pasa lo contrario son las podridas las que contagian a las sanas no sigamos diciendo que es una enfermedad es una costumbre la cual adquirimos arraigada mente por los estímulos que nos proporciona por los estimulos cojemos la costumbre de jugar y jugamos y si lo hacemos racionalmente pues se queda en costumbre pero cuando se convierte en adiccion osease que no somos capaces de jugar de folma racional entoces pasa a ser enfermedad porque si seguimos puntualizando entonces entraríamos en el típico de que el uso no es malo si no el abuso creo que este tipico en este caso es perfectamente adecuado mira yo no veo nada de malo en pasar un rato con los amigos de vez en cuando jugando al poker o pasar un rato de vez en cuando diendo al bingo o jugar un billete de loteria de vez en cuando el poblema biene cuando por abuso nos hacemos adictos otro tema distinto es luchar para que no haya tanta permisibilidad en la propagacion de una actividad tan adictiva como resultan los juegos de azar y al mismo tiempo tan pocos medios para prevenir y tratar la ludopatia me encantaria que profundizáramos en este proyecto que tengo en mente no se de que proyecto hablas si es tratar de escribir un libro revolucionario con experiencias vividas o algo similar te aseguro que el poblema no es falta de literatura sobre el tema__________________ vencer la ludopatia1º aceptacion 2º convencimiento 3ºresolusion y tratamiento
3	010	89019	 Y estoy pensando Que ningun juego de AZAR que intervenga dinero sea bueno o saludable ya se juegueCONTROLADA o INCONTROLADAMENTE Entendiendo esta Base como cierta no debemos tener ganas irresistibles de jugar YA QUE jugando controlada o incontroladamente estamos interviniendo en un juego de Azar con dinero que no se que parte saludable puede tener solo nuestra ansia nuestra ambicion de ganar dinero 
4	001	93448	Hola mi nombre es Pepepiano soy de la Ciudad de México y al igual que los demas tengo la maldita adicción por el juego empeze con la maldita ruleta que fue la que mas me robo de vez en cuando jugaba las tragaperras y al bingo aunque estos juegos no eran mis favoritos y solo los jugaba casualmente mi mayor perdida en el casino fue en la ruleta Sabes un dia se me cayo una ficha y casualmente cayo abajo de la maldita ruleta y la intente sacar pero los supervisores y los crupiers me gritaron deseperadamente que no podia estar ahi abajo que que rayos hacia y les dije que se ma habia caido una ficha y que la intentaba recoje y vi algo que casi me paraliza el corazon me di cuenta que la ruleta tenia cables como un destello de una luz inflaroja y por supuesto que estos hdp la manipulaban a su antojo solo ahi me di cuenta que fui muy ingenuo y que si de por si el juego es dificil ganar es casi imposible ganar cuando alguien la manipual o esta trukeada esta chingadera acepto sigo jugando ruleta pero lo hago en linea compro una recarga de 2 3 euros para matar al maldito gusano de la tentacion y si pierdo siento que no hay tanto porblema porque con 10 euros me dan caso 2 millones de fichas virtuales y asi me la llevo mas tranquila aunque reconozco que quisiera dejar de jugar para siempre y me gustaria recibir un consejo ayuda de alguien que ha pasado por lo mismo que muchso con la ludopatia y quisiera recibir un consejo para aminorar mis ancias por jugar __________________Pepepiano
4	002	38808	O si no está convencido 
4	003	311416	no se si estas jugando o no es cosa tuya y si te engañas problema tuyo 
4	004	43024	Cuando no tienes de donde gastar o cuando te pillan 
4	005	43012	Cuando no tienes de donde gastar o cuando te pillan 
4	006	338529	estimado amigo no sabes bien lo mal que me siento por no haber sabido orientarte en estos momentos tan oscuros para ti pero teniendo en cuenta que yo tambien ando entre tinieblas solo voy a decirte que te deseo lo mejor y como consejo te dire que has de tratar de encausar tu vida tomando un camino adactado a tu realidad tanto economica como afectivamente es imposible pretender que con solucionar nuestro problemas con el juego el resto se soluciona por si solo has de analizar cual es tu situacion real y tratar de asimilarlo sarvando lo salvable y no obsecionandote con lo que no puedes salvar es indudable que hemos destruido muchas cosas y aunque la culpable principal sea la ludopatia desgraciadamente hay cosas que aun superando la enfermedad no volveremos a recuperar y lo unico que podemos hacer es tratar de encausar una nueva vida con lo que nos ha quedado y tratar de perdonarnos por todo lo que hemos destrozado es el unico modo de conseguir un minimo de paz que nos ayude a acabar de vivir lo que nos queda de vida sino siendo feliz al menos no estando amargado animo que una vida se compone de pequeños sentimientos los cuales pueden ser gratos o amargos si aprendamos a provocarnos esos pequeños sentimientos gratificantes ylograremos tener un resto de vida que sera capaz de compensar la vida que hemos desperdiciado un fuerte abrazo y adelante __________________ vencer la ludopatia1º aceptacion 2º convencimiento 3ºresolusion y tratamiento
4	007	172927	He de acabar con mis problemas si o si 
4	008	108386	No os creais que porque mueven millones o billones tienen interes en mantener un negocio limpio ellos tienen interes de recaudar lo máximo más rápido posible antes de que les cierren las salas como pasó en EEUU Además del reparto amañado también utilizan a jugadores de la propia empresa sea en la propia sede principal en gibraltar o donde sea o en algún país tercermundista bien escondidos ellos pueden hacerlo fácilmente y lo hacen para así robar más y más rápido Me gustaría añadir algo más no sé si aquí hay gente religiosa o no pero no puedo contenerme de decirlo estas salas de poker tienen alguna especie de pacto con el demonio he explicado esto antes en otro mensaje pero no se me tomó enserio incluso se pensó que me burlaba no es así para nada ni tampoco es ninguna especie de delirio He realizado muchas comprobaciones para estar seguro ya que lo que descubrí me sorpendió muchísimo siempre despues de haber jugado al poker online si realizaba oraciones de liberación cristianas experimentaba unos sintomas muy intensos que antes nunca había experimentado entre ellos fuertes arcadas como ganas de vomitar y esto no es que sea casualidad o sea no es que sean casos aislados sino siempre se repetía lo mismo algo muy exagerado entonces al rezar las ganas de jugar y los pensamientos negativos disminuían enormemente Según esto es facil asociar que los casinos online tienen un fuerte pacto con el demonio o algo así que convierten dichos juegos en una especie de portal como lo es la ouija o algo por el estilo opino que debe ser así quizás algún sacerdote experto podría discernir con más exactitud la causa Y si lo asociamos con los sintomas que experimentan la mayoría de ludopatas es similar a lo que me pasaba a mi ideas irracionales de jugar y un malestar una ansiedad como si fuera generada a propósito una especie de ardor en la mente constante que solo se aliviaba al jugar y después finalmente lo que comentaba antes los fuertes sintomas al realizar oraciones de liberación 
4	009	100765	Sí de los problemas económicos que tiene la sociedad 
4	010	8552	Si tengo o no problemas de desconfianza con mi señora es problema mío 
5	001	264827	DESPUES DE ESO ME QUEDE SIN EQUIPO MEDIO AÑO SIN DINERO CON UN AUTO MAS VIEJO PERO YO SEGUIA IGUAL CON PROBLEMAS DE JUEGO PORQUE DINERO QUE AGARRABA DINERO QUE ME LO GASTABA BUENO SE TERMINO EL AÑO Y EL ENTRENADOR QUE TUVE ME VINO A BUSCAR PARA IR A UN NUEVO EQUIPO LAS COSAS IBAN A MEJORAR EN EL TEMA DEPORTIVO PERO EN EL TEMA JUEGO SEGUIA IGUAL EMPEZE A COBRAR UN SUMA SUPERIOR DE DINERO A AÑO ANTERIOR PERO TAMBIEN ME PASABA LO MISMO APENAS LO COBRABA ME LO GASTABA EN EL TEMA DEOPORTVIO ME IBA MASOMENOS LA VERDAD QUE NO FUE UN MAL AÑO NI FUE UNO BUENO HASTA EL ULTIMO PERTIDO QUE LA VERDAD ME FUE MUY MAL A PESAR DE HABER SALIDO CAMPEON DE LA LIGUILLA EN URUGUAY 
5	002	234688	Pero desde el martes pasado que fui 30 oct ha sido un infierno iba ganando 2500 dolares y termine perdiendo 600 luego en estos dias al final he perdido 4000 te digo esto para que me entiendas que me da mucha pena contarle a mi esposa pero sobre todo porque se que se afligira he decidido dejar de jugar y sacar otra tarjeta que me han ofrecido pero esta vez solo para emergencias ya que no se si mi presupuesto me alcanzara para cancelar la tarjeta que te comente 
5	003	238264	Pero desde el martes pasado que fui 30 oct ha sido un infierno iba ganando 2500 dolares y termine perdiendo 600 luego en estos dias al final he perdido 4000 te digo esto para que me entiendas que me da mucha pena contarle a mi esposa pero sobre todo porque se que se afligira he decidido dejar de jugar y sacar otra tarjeta que me han ofrecido pero esta vez solo para emergencias ya que no se si mi presupuesto me alcanzara para cancelar la tarjeta que te comente 
5	004	223172	pero para un ludopata el dinero es solo un medio para llegar a jugar como bien dices hay muchos como tu q se gastan todo su talento su esfuerzo y demas pero tambien hay quienes aun peor llegamos a robar a nuestros seres queridos ninguno de nosotros nacio ludopata te lo aseguro y seguro q mas de uno entro al casino por curiosidad ganando algo de dinero el primer dia HUY Q FACIL Q ES ESTO y poco apoco aumentamos hasta llegar al punto en que el dinero no es lo importante y es q esta enfermedad por lo menos a mi no me importaba ganar o perder cuando apostaba solo la adrenalina q esto me causaba era la recompensa aunque dejara sin comer AL LUDOPATA NO LE INTERESA EL DINERO PARA NADA SOLO ES UN MEDIO
5	005	282058	Después de perder dinero en el juego vuelta al día siguiente para intentar recuperarlo 
5	006	264974	Alonso dice Conseguir dinero para jugar y jugar para obtener dinero es decir nuestro primer pensamiento es a ver si jugando ese dinero consigo dinero A primer supuesto Si consigo ganar algo jugaré nuevamente intentando conseguir más dinero no es que juegue para conseguir mas dinero para así poder jugar mas es que quiero ganar dinero y con el dinero quiero ganar más 
5	007	49657	Después de gastar los 6000 euros de aquel fatal día me dí cuenta que los salones están totalmente manipulados pues el día que volví gané mucho dinero en poco rato después lo perdí todo creo yo porque sabían que 6000 euros era mucha perdida y me habían facilitado es dinero de forma irregular en fin estoy viviendo un infierno total añadir que el preguntar si se podría denunciar no es por recuperar nada es porque me parece horroroso que simulando un gasto del bar se puedan facilitar esas cantidades de dinero 
5	008	266383	Si un día podras conseguir parar con x ganado pero al dia siguiente perderás 30 y te cabreareas y entonces diras si ahora meto 100 y recupero y te los limpiaran asi puedes estar todo el tiempo que quieras pero te recuerdo El negocio es del Dueño del Casino On line y lo tiene para ganar eél claro de vez en cuando ganas tú si hubieras hubiesemos perdido siempre no habria nadie jugando si un dia ganas 20 perderás y como minimo ellos en dinero saldrán beneficiados 
5	009	236443	Pero porque seguimos jugando aun sabiendas que siempre se pierde siempre que voy al casino voy pensando en que si me toca algo que voy hacer con el dinero cuando vengo voy pensando en como recuperarlo pero porque pensamos que lo tenemos todo controlado cuando voy al casino me digo solo 200 francos y al final le hecho hasta el tope de la tarjeta que son 1000 o sea unos 600e pero porque decimos que no volvemos mas la ultima vez que me prometi que no volvia fue hace solo una semana pero porque aun sabiendas que vamos a venir de mala ostia y sintiendonos como una mierda vamos igual pero porque no podemos alejarnos de estas p maquinas y seguir la vida donde la habiamos dejado antes pero porque no dejarlo definitivamente de un dia pa otro facilmente pero porque sabiendo que los ultimos 7 anhos de mi vida no he ahorrado ni un duro que he trabajado duro que he trabajado de noche lloviendo con nieve mojado y lleno de frio sigo jugando esperando que llegue ese maldito golpe de suerte que me cambie la vida pero porque no conformarme con la vida que puedo tener que quizas haiga gente que la invidie pero porque me tengo que gastar en unas horas con lo que podia haber comido una familia un mes pero porque soy tan estupido si fui capaz de dejar de fumar hace 4 meses sin necesidad de parches ni nada y fumaba 2 paquetes porque no puedo dejar el juego pero porque cuando me toca algo lo juego tambien y no puedo parar y marcharme ganado pero porque somos tan deviles pero porque cuando estamos en el casino y vemos cuando pierden los demas y le pegan a la maquina nosotros pensamos que no somos asi y somos de la misma calanha yo nunca me vi como reacciono cuando pierdo si me dieran a ver algun vidio de seguridad seguro que me daria vergüenza pero porque joder porque no podemos dejarlo de una puta vez __________________UNO PARA TODOS Y TODOS PARA UNO 
5	010	184968	Pero no no es asi vales mucho y si l has hecho es porque estas enfermo ahora tienes que ser fuerte en mi caso mi pareja se gasto muchisimo dinero mas del que jamas hemos tenido mi reaccion fue de reproche odio nose pero el dinero va y viene pero tu vida no tienes que levantarte salir a la calle y ser fuerte por ti y por tu familia ahora eres tu y tienes que ser fuerte es normal la reaccion de tu familia pero cada dia que pasa seran mas bonitos te lo digo por experiencia busca una asociacion alli te van ayudar y empieza a hacer cosas diferentes cada 24 h para ti es un reto y un dia tras otro lo vas a conseguir piensa que algun dia recordaras esta experiencia como algo negativo pero de todo se saca lo positivo y aunque ahora no lo ves esta ahi yo por ejemplo veo que tienes la suerte de tener una familia que te quiere mucho asi que para delante que un tropiezo lo tiene cualquiera no te derrumbes y ponte las pilas un saludo __________________la lucha que se pierde es la que se abandona
6	001	40160	Ya hacía tiempo que no nos veíamos como antes lo típico cada uno con sus vidas sus trabajos proyectos Pero lo poco que intentaban quedar ponía alguna escusa para no ir Uno cree que controla que recuperará todo lo que ha perdido y que incluso ganará dinero Pero uno no es consciente del problema real hasta que pierde todo su dinero TODO el problema se acentúa cuando pides dinero para jugar escusas miles Cuando se acabaron las escusas llegaron los microcreditos Y eso si que fue caer en un pozo actualmente he perdido la cuenta pero literalmente he perdido la cuenta de los microcreditos que tengo impagados Uno no quiere pensar mucho en ello pero a simple cuenta creo que con los intereses abusivos que piden y recargos estaré cerca de los 20 000 o más La guinda de todo esto fue cuando le cogí dinero a mi hermano nunca había robado y menos para jugar Pero la semana pasada lo hice En casa confinado ansiedad 100x100 a flor de piel 5 de la mañana Y transferí dinero de su cuenta a la mía Me volé un importe que no quiero decir por vergüenza en 20 minutos Ahí fue cuando exploto todo Ahí me vi obligado a decirlo Es cierto que ellos no son tontos Me pase todos estos años trabajando y sin dinero y siempre ponía escusas de algún gasto O tal La primera persona a la que se lo conté fue hace meses a mi chica ella supo entenderlo y me ofreció ayudarme y claro a posteriori le empezaron encajar muchas cosas mcuhas de las mentiras que le dije incontables durante los 4 años que llevamos juntos Entre una cosa y otra quedo pendiente acudir a terapia y fue justo cuando paso entrar a confinamiento una de las noches en un ataque de ansiedad apareció un jodido anuncio de casino online en la tv y me fundí el dinero de mi hermano Estoy arrepentido de todo cómo no estarlo A mi familia se lo he contado todo hace unos días Esperaba una reacción más Más de padres regañandome e incluso pensaba que me podrían echar de casa Tengo 28 años y solamente traigo problemas Pero todo lo contrario quieren ayudarme quieren que vayamos al médico y pongamos solución a este problema No sé cómo salir de todo esto la ansiedad me puede Sé que tengo gente a mi lado que me quiere ayudar me pero me es inevitable pensar que soy un mierdas que no me lo merezco que he hipotecado mi futuro que he jodido mi salud mental Y sobre todo que he fallado a toda la gente que me está apoyando ahora mismo eso es lo que más me duele Pienso que no merezco que me ayuden Al final uno busca dinero para ser un poco más libre buscaba ser libre y yo mismo me construí la jaula Espero que alguien pueda guiarme un poco 
6	002	230220	No entiendo a aquel que se pone delante una maquina y se juega mis ilusiones y las suyas no comprendo al que me miente sabiendo que lo quiero traicionando mi confianza no se con quien vivo con el comparto mi tiempo creo que esta alli y lo encuentro jugando aquel que me pide que le crea pero que no reconoce que tiene un problema el que me hace sufrir y nubla mi mente culpable me siento que dilema cuanto lo quiero pero es un estraño para mi me lo cambiaron no puede ser el en que he fallado me miro al espejo y lo veo pero solo estoy yo yo y la imagen del ludopata cada mañana soy yo quien elije quien soy si saco al ludopata o al luchador pero miro a mi lado y no estoy solo mi pareja duerme que poco me comprendo pero que poco pienso en ella pienso que no quiero perderla pero y sus sentimientos si a mi me cuesta entenderlo que pensara ella en su soledad con el miedo a que pete que sea verdad lo que sospecha y me juego el dinero pero tambien su miedo me aprovecho de el velo de sus ojos que el amor le ciega por eso he de solucionarlo para no preocuparla y evitarle el mal rato entonces me pongo la careta y me voy a la tragaperras a recuperar lo que he perdido y esperando el golpe de suerte que no llega me siento canalla y cobarde buscando escusas para justificar las mentiras y medito decirselo pero tengo miedo que no lo entienda por eso he de solucionarlo para no preocuparla y evitarle el mal rato CUANTO ME ENGAÑO EN VERDAD LO SOSPECHA SOY UN ENFERMO Y LO ACEPTA PERO QUE LA ENGAÑE NO LO ENTIENDE QUE NO CONFIE EN ELLA ESAS PERSONAS QUE TENEMOS A NUESTRO LADO CUALQUIER LUDOPATA SON MARAVILLOSAS SU LUCHA MERECE ALGUN MONUMENTO hOY TENGO INTENCION DE DECIRSELO DE PONER FRENO A ESTO BUSCAR ASOCIACION POR QUE ES LA PERSONA MAS ESPECIAL QUE HE PODIDO CONOCER Y NO MERECE ESTO POR QUE YO HE VIVIDO CON ESTO MUCHO TIEMPO PERO ELLA NO MERECE QUE LA ARRASTRE VOY A BUSCAR FUERZAS DE DONDE SEA PERO ESTA VEZ HA DE SER LA BUENA 
6	003	354000	de mis 2 hijos encantadores que sufrieron la ludopatia de su padre sin saberlo por que cuando en mi casa se descubrio el pastel que me pillo por sorpresa no lo esperaban entonces fue cuando mas sufrieron sobre todo mi mayor de once años demostraba en aquellos momentos verguenza tristeza rabia y un sin fin de sentimientos contaros como detecte yo esa enfermedad de la ludopatia en mi marido no fue facil porque gracias a dios no me lo declaro el dinero sino su comportamiento no era la misma persona que yo conoci CASADA desde hace 16 años y el 12 años en el mundo oscuro de el juego para mi hija la mayor de 11 años siempre se crio conmigo yo tenia que hacer de padre y madre como si fuese una mujer separada la crie lo mejor que supe o me enseñaron mis padres de mi pequeño de 4 años contaros que por su poco conocimiento fue el que menos sufrio ASUMIR ASIMILAR Y SUPERAR LA LUDOPATIA me costo mucho exfuerzo y muchas horas de terapia en mi asociasion donde asisto en la actualidad Eldia en que llege a mi asociaccion no me se olvidara jamas a mi me hablaron de quitarle el dinero tarjetas cuentas bancaria mancomunadas en fi eso hera lo que yo tenia que hacer para ayudarlo Pero que pasaba con ese de terioro personal que yo llebaba por que a mi no me hizo tanto daño el dinero que se hiba tirado jugando como que la persona que yo queria me estuviara ENGENLLANDO durante 12 años como se puede engañar tanto a la persona que mas quieres ESA ERA LA PREGUNTA QUE YO ME HACIA 1 Y1000 VECES para MI hubira sido mas facil si el me huviese contado su problema mucho antes y hubiesemos buscado lassoluciones y yo no tenia que haber hecho de detective 
6	004	298098	de momento controlale el dinero dale solo lo justo para gastos diarios y que te justifique con tiquets no le dejes que tenga tarjetas de credito y sobre todo busca una asociacion mirad todo esto esta muy bien siempre que sea dentro de un contecto quiero decir que sea parte de una desicion tomada de mutuo acuerdo que conlleva 1º verificar si se esta ante un caso de ludopatia 2º que el afectado asi lo reconozca 3ºque el afectado acepte como parte de su recuperacion estas medidas entoces es cuando realmente pueden ser efectivas pero si de algun modo el familiar impone las medidas sin que sea el afectado el que esta convencido de que quiere llevarlas a cabo a lo unico que llevan es a situaciones desagradables no se si me he explicado lo que quiero decir es que el familiar tiene que hacer todo lo posible para que el enfermo tome la desicion de seguir un tratamiento pero ha de ser el enfermo el que este totalmente seguro que quiere seguirlo y ha de saber que es el el unico que puede hacer el tratamiento el familiar puede ayudarle tratando de que tenga las menores tentaciones posibles pero si el enfermo no esta convencido y solo lo hace por dar gusto al familiar o por suavizar la situacion estara continuamente buscando la manera de jugar sin que el familiar se entere y por supuesto de nada sirve el esfuerzo del familiar porque aunque el enfermo no juegue por no tener posibilidad tampoco estara avanzando en su recuperacion ya que en su animo no esta el dejar de jugar solo el jugar sin que se enteren saludosEditado por PACO 08 de Diciembre de 2006 a las 20 36__________________ vencer la ludopatia1º aceptacion 2º convencimiento 3ºresolusion y tratamiento
6	005	207836	administrador mi pareja es ludopata se gasta el dinero en las maquinas no ha aceptado que yo administre el dinero al principio de vivir juntos si pero ahora es el el que me lo da a mi a cuenta gotas como si yo fuese la que me lo gastase actualmente no trabajo pues tengo un niño de 1 año solo vivimos de su sueldo 8oo euros de los cuales cuando cobra siempre sale y se gasta 1oo o 2oo no todos los meses a veces lo hace seguido y a veces mes si mes no No quiere ir a un centro de ayuda pues dice que no tiene ningun problema que solo lo hace de vez en cuando cuando esta muy agobiado el caso es que cuando no tiene dinero pide a los amigos y esto se convierte en un circulo vicioso que a veces es tal la cantidad que con nuestro sueldo no se puede devolver ademas todo lo que pide prestado lo pide a espaldas mias y me entero por la gente no por el su familia dice que este problema ya lo tenia desde antes ya que siempre ha manejado mucho dinero porque trabajaba en un taxi y es a la vida que esta acostumbrado a vivir su familia ha pagado en el pasado muchas deudas en bares y a personas que les debia dinero lo dejo por un tiempo pero ahora a vuelto otra vez He pedido ayuda a su familia y mañana hablaran con el pero tengo miedo a su reaccion cuando llegue a casa que puedo hacer __________________luna
6	006	292466	7 Ha engañado a su familia para ocultar la magnitud de su uso de Internet 
6	007	191795	EN ESTE FORO NO HAY DEBATE AL RESPECTO EL POKER ES UN JUEGO DE AZAR DE TODA LA VIDA SE HACE CON APUESTAS PORQUE SIN EL ENVITE PIERDE TODA SU GRACIA Y CUANDO UNOS AMIGOS en mis tiempos INVITABAN A OTROS A JUGAR SIN DINERO NORMALMENTE ERA PARA ENSEÑARLES Y DESPLUMARLES MÁS ADELANTE SEGÚN EL COMPINCHEO QUE SE DÉ DE LA PRIMERA A LA ÚLTIMA PARTIDA TODO DEPENDE DE LAS CARTAS QUE SE REPARTEN Y SI SE PUEDE ESTAR MUCHAS HORAS PENSADO Y PLANEANDO SOBRE ASPECTOS DEL AZAR ESO TAMBIÉN LO HACEN JUGADORES DE CASINOS DE BLACK JACK Y DE TRAGAPERRAS SI ME APURAN EL RANKING MUNDIAL SE PUEDE HACER CUANDO QUIERA DE LO QUE QUIERA SOLO ES CUESTIÓN DE HACER PROMOCIONES ENGAÑOSAS NO SE PUEDE COMPARAR CON EL AJEDREZ PUESTO QUE LOS CONTENDIENTES EN EL AJEDREZ NO HACEN ENVITES DE APUESTAS Y SALEN CON LAS MISMAS FIGURAS PARA UTILIZARLAS CON LAS MISMAS REGLAS SOLO SU HABILIDAD LES ENFRENTA NO HAY NINGÚN AZAR ESTRUCTURADO EN EL JUEGO PARA PERMITIR VENTAJAS DE NINGÚN TIPO POR SUPUESTO QUE EN EL AJEDREZ TIENE SENTIDO PREPARARSE Y MEMORIZAR PERO TAMPOCO GANA QUIEN MÁS ESTUDIA NI MEMORIZA APRENDER Y CREATIVIDAD SI SON NECESARIAS EN GRANDES CAMPEONES ASÍ QUE SI EL SR BARROS QUIERE PROMOVER ALGÚN TORNEO PORQUE NO LES SOBRA EL DINERO DE LOS QUE SE APUNTEN NO LE HAGAN LA GOMA NI SIEMBREN SUS MENTIRAS O SU IGNORANCIA SINÓ YA SABEN DONDE QUEDA LA PUERTA DEL FORO MANEL EL ADMINISTRADOR Editado por administrator 20 de Setiembre de 2008 a las 20 31
6	008	328028	 he estado leyendo algunos post de última hora y me apena que se trate con vehemencia a algunos compañeros que estoy segura están aquí tratando de ayudar y no de perjudicar más de lo que ya se está Tal vez algunos foreros se tomen la libertad de criticar a otros por el tiempo que hace que se conocen pero en mi modesta opinión nadie es quien para juzgar si se está aquí por razones más o menos comprometidas No creo que nadie de los que estamos aquí estemos porque nos aburramos y permitanme que lo personalice pues aunque así fuera me parece más interesante que la gente eche un ojo a estos tipos de foros que estar con todos mis respetos echando el tiempo en otros foros menos productivos Aquí al menos nos estamos informando y conciencienciando de algo que está siendo un problema social muy grave tanto en el individuo como en su entorno y del que no estamos exentos nadie de los que estamos aquí Voy a partir una lanza por la compañera Maru porque creo que es una de las personas que tiene el problema en su casa en mayor o menor medida pero ya digo que aunque no lo tuviera esto es un problema del ser humano y por tanto es plural Y aún cuando estemos muy perdidos en este escabroso tema siempre que uno proceda con respeto puede dar su opinión aunque sea desacertado tal vez en sus exposiciones con más respeto aún por parte de los receptores estos sabran ayudar para que no se incurra en errores Pero para mí la señora maru no ha hecho nada más que pretender ayudar esté o no equivocada que para mí no lo está pues como dije ayer en otro post la misma cosa no la oye igual un oido que otro y me estoy refiriendo de distintas personas que incluso se dá la circunstancia que dos oidos de una misma persona oyen cosas diferentes Que si el interlocutor está diciendo que no puede habrá que buscar otras medidas tan interesantes como la mejor pero no se puede obligar a nadie ha hacer algo que aunque a uno le haya servido a otro le puede ser muy perjudicial Y nada más vuelvo a repetir que lo que aquí denuncio lo hago con todos mis respetos a los señores leyentes Un abrazo y fuerza 
6	009	337245	 Ha violado usted la ley o considerado violar la ley para pagar por su juego 
6	010	173736	Hace más o menos estoy leyendo sus relatos desde hace cerca de un mes 
7	001	337243	 Ha intentado usted dejar de jugar repetidamente sin éxito 
7	002	321637	 Ha intentado dejar de jugar o jugar menos dinero y tiempo 
7	003	275537	Hola diegomartin tu realmente no quieres dejar de jugar lo único que te preocupa es no gastarte mucho dinero no sientes ni el más mínimo remordimiento de conciencia de que estas engañando a tu mujer seguro que la pobre mujer estará contenta de tener a su marido la mar de bien siendo ludopata piensa que si realmente quisieras dejar de jugar lo tendrías bien fácil con decírselo a tu mujer que euro que coges euro que te gastas en el juego verías que rápidamente tomaría medidas y se te acabaria jugar 
7	004	44739	 Quiere dejar de jugar o quiere jugar menos con control 
7	005	101840	HOLA Decis que quereis dejar de jugar como todo el mundo pero ne deceis que hareis o que haceis para dejar de jugar es primordial convertir los deseos en hechos si no los deseos se quedaran en simples deseos explicar que os han parecido las medidas preventivas y si las vais a aplicar o no o que metodo ultilizareis para dejar de jugar desahogarse aqui y explicar vuestras azañas aqui solo no os sacaran del juego aunque no este mal que lo hagais en eso no os juzgo os animo a que expliqueis que areis no que quereis que eso ya lo sabemos animo __________________juegan con nuestra psicologia no lo permitas por una razon muy simple solo se vive una vez 
7	006	35322	Un ludopata es un enfermo y en efecto no puede dejar de jugar Cuando un ludopata empieza a comprender que lo suyo es una enfermedad y no todas esas barbaridades que el mismo se dice Vicioso desarmado idiota etc En ese momento en el que toma conciencia de que es una enfermedad es cuando realmente se plantea buscar un tratamiento La ludopatia aparte de la adicción por jugar nos causa trastornos que nos hacen ser irracionales me dije bueno voy a hacer un depósito solo de 20 dólares total esto puede ser una salida al cine o ir a un restaurante si los pierdo me quedo tranquilo y ya solo quiero distraerme un poco En efecto por un lado las ganas de jugar por culpa de la adicción es unas ganas muy difícil de controlar Pero aún es peor la irracionalidad en la que entramos Cómo siempre no pude aceptar el hecho de que perdí 20 y metí otros 20 para recuperar los perdí también luego ingresé 100 más y los perdí también ya por último metí 200 para apostar de un solo golpe y salirme pero perdí también Lo dicho esto es una enfermedad y no solo es controlar el jugar o no Estar sin jugar lo logramos solemos estar días semanas meses etc Pero no somos capaces de jugar con un mínimo de control Si ganamos nunca encontramos el momento de dejarlo y si perdemos tampoco Ánimos chico encontrarás el momento de aceptar que estás enfermo y de tratar de hacer un tratamiento adecuado
7	007	79114	pasa que al dejar de jugar un largo tiempo conseguimos estabilizar nuestra economia y nuestras relaciones pero entoces cuando todo nos empieza a ir bien nos entran dudas de si en verdad no seremos capaz de jugar de folma controlada ya ni tan siquiera es deseo de jugar es simplemente incomprension de como podemos ser dominados por la adiccion y de ahi las recaidas las cuales son casi siempre leves porque estamos en posicion de conocimientos que cuando empezamos no teniamos y es debido al desconocimiento real de la enfermedad o a la aceptacion de nuestra incapacidad este desconocimiento puede ser letal cuando en el transcurrir de nuestra vida diaria nos surgen graves contratiempos es en esas ocasiones cuando mas facilmente nos metemos en la rueda del juego y eso se podria evitar mejor si en verdad estuviesemos totalmente convensido de nuestra incapacidad bueno me enredo mucho pero sigo diciendo lo mismo tenemos que llegar a entender que no debemos de jugar no por lo malo que pueda ser el juego ni tan siquiera por los poblemas que nos pueda causar peder simplemente no podemos jugar porque cuando jugamos perdemos nuestra voluntad__________________ vencer la ludopatia1º aceptacion 2º convencimiento 3ºresolusion y tratamiento
7	008	325804	para dejar de jugar hay que sacar todo lo que hay dentro y decirselo a la pareja y si no es asi tu no quiere dejar de jugar porque como tenga una deuda va a seguir jugando para pagar esa deuda que tiene y no va a conseguir nada va a tener más deuda por eso quiero decir que tu no quier dejar de jugar 
7	009	299778	puedo dejarlo puedo dejar de jugar puedo dejar de jugar puedo dejar de jugar puedo dejar de jugar puedo dejar de jugar puedo dejar de jugar puedo dejar de jugar puedo y quiero dejar de jugar puedo dejar de jugar puedo dejar de jugar puedo dejar de jugar puedo dejar de jugar me veo sin jugar y me siento orgulloso de mi miismo puedo dejar de jugar puedo dejar de jugar puedo dejar de jugar y estare mejor puedo dejar de jugar el juego es pasado puedo dejar de jugar puedo dejar de jugar puedo estar mas tiempo con mi familia puedo dejar de jugar puedo dejar de jugar puedo dejar de jugar puedo vencer al juego el juego no es parte jundamental de mi vida no quiero jugar mas puedo dejar de jugar puedo dejar de jugar puedo dejar de jugar puedo dejar de jugar puedo dejar de jugar puedo dejar de jugar y enfrentarme a la vida puedo dejar de jugar y empezar a quererme puedo dejar de jugar que razon tiene Paco en su mensaje cuando dice que decirselo a los familiares es como descansar en ellos y culpar a la enfermedad para poder seguir jugando puedo dejar de jugar puedo dejar de jugar puedo dejar de jugar puedo dejar de jugar puedo dejar de jugar puedo vivir sin pensar en el dinero no puedo controlar el dinero es necesario que mi mujer lleve el mas absoluto control de todo el dinero y es necesario que no lleve dinero encima y no es bueno ir a mirar puedo dejar de jugar puedo dejar de jugar puedo ser bueno puedo dejar de jugar puedo dejar de jugar puedo dejar de jugar puedo dejar de jugar y encontrarme a mi mismo puedo dejar de jugar por mi puedo dejar de jugar por mi familia puedo dejar el juego puedo dejar el juego puedo dejar el juego puedo dejar el juego y quiero dejar de jugar __________________LA AYUDA ESTA DENTRO DE NOSOTROS
7	010	88466	amigo robocob0302 esta claro de que tenemos vision muy distintas de lo que es la ludopatia y por tanto tenemos una vision muy diferente de como convatirla por supuesto yo creo que mi vision es mas aproximada a la realidad que la tuya pero de lo que si estoy seguro es que tu metodo de conbatir la ludopatia no silve si vemos la ludopatia desde mi punto de vista tu te empeña en que nos mentalicemos de lo adsurdo que es jugar y por tanto hemos de pensar que todos los que juegan son idiotas yo en cambio opino que para el que no esta enfermo el juego puede ser como cualquier otra actividad creo que si yo me hubiese propuesto apartarme del juego convenciendome de lo adsurdo que es jugar no lo habria conseguido en cambio me convenci de que indepentiendemente de que fuese de tonto jugar la realidad era que yo no podia jugar no porque fuese tonto jugar sino porque cuando yo juego pierdo todo el control soy incapaz de actuar racionalmente juego totalmente sin sentido y sin parar y logicamente hago burradas que una persona no enferma jamas haria en fin son puntos de vista pero ojo si te empeñas en aplicarte ese metodo de considerar que es adsurdo jugar y no te conciencia de que ademas de ser adsurdo jugar tu eres incapaz de jugar de folma controlada tal vez algun dia te veas metido otra vez en la mierda un abrazo__________________ vencer la ludopatia1º aceptacion 2º convencimiento 3ºresolusion y tratamiento
8	001	294190	este año no quiero fracasar amigo mio no es cuestion de fracaso sino de convencimiento convencete que el juego esta aportando un gran porsentaje en el fracaso de tu vida tal vez no sea el unico motivo de que tu vida sea un desastre pero si es el verdadero responsable de que no puedas enderezar tu vida ya que ademas de los problemas que te causa te impide que puedas dedicarte con lucidez a resolver los disversos problemas que puedas tener por tanto reitero el juego tal vez no sea el unico responsable de tus males pero si es el que te impide que puedas poner remedio a dichos males ya sabe el verdadero fracaso es no asumir que pase lo que pase no puedes jugar si lo asumes como algo irreputable te aseguro que no es demasiado dificil estar sin jugar sensillamente como asumes que el juego para ti no existe llegas a no pensar en el parece algo anverosimil pero a mi me pasa yo no tengo el juego en la cabeza como antes hubo un tiempo en que no jugaba pero estaba continuamente pensando en el juego pensaba en todas aquellas ocasiones donde habiendo tenido una buena racha no supe parar a tiempo o aquellas otras veces donde disponia de una gran cantidad de dinero y no supe racionarme o en fin realmente no jugaba pero no asumia que no podia jugar el dia que asumi que no podia jugar jamas empece a vivir sin que el juego fuera parte de mi vida y hoy en dia mi vida transcurre perfectamente sin el juego por supuesto no tengo una vida maravillosa al contrario tengo una vida bastante vacia pero tengo capacidad para tratar de encausar lo mejor posible mi vida y saboreo lo poco que tengo envidia me dais los que aun os quedan cosas por salvar asi pues ponte las pilas y dejate ya de jilipolleses no puedes jugar y al dejar de jugar no se resolveran tus problemas pero si tendras lucidez para resolverlos un abrazo__________________ vencer la ludopatia1º aceptacion 2º convencimiento 3ºresolusion y tratamiento
8	002	175010	Hola espero q a la fecha puedas sentirte mejor me identifico mucho contigo pues he perdido sumas fuertes y lo digo por que no se como puede entender mi propia mente la perdida de dinero fuerte si la culpa y la frustación es mayor si el ansia de recuperar se fija mas en el pensamiento la verdad el tema del monto he perdido un departamento de estreno en una zona de clase media alta lo vendi y lo perdi te imaginas como me siento fuera de esto dije como tu ya paso me olvido y recomienzo y nada sigo recayendo trato y trato y recaigo es dificil para mi sabes deje de comprarme cosas materiales como si creyera que no las mereciera siempre sonie con un auto de lujo y no lo compre que se yo un BMW y sin embargo me lo gaste jugando y tengo dolor de pensar en todo esto no se que hacer siempre pienso q podria recuperar pero la experiencia me ensenio que es IMPOSIBLE es una LOKURA espero recuperar la paz y la tranquilidad hacer de cuenta q ese dinero no existio cuando veo carencias o me limito recuerdo el destino del dinero mi terapeuta me dijo una vez que mi problema no solo es el juego compulsivo si no tambien el dinero por que lo que tengo es siempre una relación insana con el lo uso para autodestruirme y no para mejorar es dificil de explicar lo destruyo en mis manos ME ODIO POR ESO __________________DIOS AYUDANOS A AYUDARNOS 
8	003	168337	bueno yo sigo repitiendome LUDOPATIA incapacidad de jugar de folma racional mas o menos TRATAMIENTO por lo visto y mientra no haya alguien que descubra alguna cura solamente podemos no jugar CAUSA O MOTIVO por lo visto son diversas segun el individuo en base a estos puntos y apoyandonos en los testimonios la verdadera lucha esta en conseguir no jugar y que eso no nos suponga vivir angustiado para conseguir esa meta y dado que tenemos un habito mas o menos fuerte a jugar debemos de empezar por hacer que nos resulte imposible el jugar de ahi las famosas nolmas pero dichas nolmas solo son una ayuda para lograr superar el habito y en algunos casos como el mio donde por trabajo u otros motivos no se puedan utilizar dichas nolmas es esencial buscar algun medio para que mientras no consigamos romper o vencer el habito de jugar no tengamos posibilidad de jugar yo por ejemplo utilize una pegatina para hacer saber a todo mi entorno que era ludopata con esto consegui no tener fuerza moral para ponerme a jugar delante de personas a las que de algun modo habia dicho que para mi el juego era una enfermedad y no un placer no digo que nadie tenga que hacer lo mismo pero si digo que una vez asumido que nuestra unica solucion es aprender a vivir sin juego debemos de poner todos nuestros recursos en conseguir vencer el abito una vez superado eso nuestra vida se desarrolla perfectamente sin jugar y como somos conciente de que no podemos tocar el juego pues simplemente no lo tocamos y si en alguna ocasion y debido a alguna situacion entre amigos o algo parecido tenemos la tentacion de tocarlo solo debemos de pensar que si lo hacemos es seguro que nos bamos a descontrolar que somos incapaces de jugar del mismo modo que lo hacen nuestros amigos asi pues nos escusamos y pasamos de esa actividad de este modo nuestra vida va perfectamente y lo mismo que entre nuestros conocidos hay algun alergico u diabetico u cojo o con cualquier otra pequeña discapacidad que en algun momento les impide hacer alguna actividad que los demas vallamos ha hacer asi mismo nosotros debemos de privarnos de jugar cuando esa actividad se valla ha desarrollar entre nuestros amigos o familiares os aseguro que ahora que vivo aceptando esta pequeña discapacidad mi vida va perfectamente sin ningun tipo de angustia por culpa del juego un abrazo __________________ vencer la ludopatia1º aceptacion 2º convencimiento 3ºresolusion y tratamiento
8	004	89780	bien cariño el sabado que habre cobrado vamos llega el sabado y antes de ir a comprar las nb sp zapatillas gasto el dinero jugando hijo mira me ha surgido tal contratiempo ya iremos la semana que viene bueno cosas parecidas infinidad con todos los allegados lo cual acaba convirtiendote en mala gente de cara a ellos y o se alejan ellos o te alejas tu yo incluso llege a no comprometerme nunca a hacer algo mas alla de hoy para mañana sabia que no podia hacer planes para dos o tres dias despues porque no sabia si podria cumplir bueno a lo que vamos una vez conseguido superar lo de jugar fui recuperando contactos perdidos con seres queridos tengo dos hijos mayores de mi primera mujer con los que he tenido poco contacto pues cuando hablamos de todas las circunstancias que habian llevado a ese alejamiento les conte la verdad de todas estas cosas y fue duro explicarles que tal o cual cosa que en su dia les habia prometido y luego no tubieron era debido a que no llegaba a tiempo porque antes me lo jugaba logicamente esto me hacia sufrir y sentirme totalmente una mierda pero al contarselo a ellos despues de tantos años y en vista de mi situacion se dieron cuenta de que yo ya no era aquel que soy otra persona distinta y consigieron quitarse el dilema de si me perdonaban o no no habia nada que perdonar porque aquel ya no existia ahora lo que tocaba era cultivar una relacion nueva y os lo juro este ha sido el mayor logro que mis hijos me acepten desde una perpectiva nueva y de esperanza sin mirar el pasado porque de ese pasado ya no queda nada joder tios como siempre vaya toston pero hay os lo dejo__________________ vencer la ludopatia1º aceptacion 2º convencimiento 3ºresolusion y tratamiento
8	005	90024	nos autoengañamos para no afrontar la realidad de la vida y es que problemas existenciales todo el mundo tiene y pocas veces la vida se desarrolla como soñamos la diferencia es que hay quien lo asimila y trata de vivir lo mas cerca posible a sus sueños y otros decidimos que todo o nada no queremos aceptar las limitaciones que la vida nos pone en el camino y buscamos a quien culpar no digo que caigamos en el juego por eso a saber porque caemos pero si digo que los que hemos vivido condicionado por el hemos rotos muchas cosas que son irreparables pero de nosotros depende seguir rompiendo o no tal vez hay quien piensa que si no puede recuperar todo lo que ha perdido no merece la pena tratar de vivir con lo que la vida aun nos ha de dar y eso es un error tremendo ya tenemos la experiencia de haber desperdiciado mucho acaso por no recuperar lo perdido hemos de dar por perdido todo lo que aun nos queda por vivir es cierto que el juego produce unas sensaciones dificiles de encontrar en otras facetas de la vida pero tambien es cierto que a cambio hemos de entregarle todo lo demas que nos aporta la vida relaciones comodidad economica etc los que entramos aqui en general sabemos muy bien todo esto en cambio seguimos la mayoria sin buscar remedios efectivos que aunque a veces nos parecen muy complicado en realidad no lo es todos deseariamos no sentir deseos de jugar o si lo sentimos ser capaces de controlarlos pero sabemos que no es asi y conocemos unas pautas a seguir para no poder jugar en cambio no las seguimos creemos que eso nos quita libertad cuando lo que en realidad nos exclaviza es el juego yo desde que entre en el foro no he jugado pero he estado en peligro varias veces y sin embargo no he tomado todas las medidas nesesarias aunque si voy tomando bastantes medidas pero todas dependen de mi ahora hace una semana he tomado una que me ha sido muy dificil de tomar y que a la mayoria de ustedes no le es valida porque vuestra vida esta condicionada a muchos factores como tambien me pasa a mi pero ante el peligro que pase tenia que tomar alguna desicion y yo no tengo mas remedio que manejar dinero diariamente y frecuentar sitios de riesgo asi pues he hecho unas pegatinas bien visibles donde pone SOY LUDOPATA eso ha provocado muchas miradas de reojos y tener que dar muchas explicaciones pero esta siendo efectivo lo mas dificil ha sido explicarselo a los niños 10 y 14 a que ademas viven con su madre y vete a saber que le habra contado ella pero despues de una semana estoy contento con esta medida y estoy seguro que me va a ayudar mucho bueno ya no me enrrollo mas BESOS P D 
8	006	73902	la primera vez que fui gane empece a ir los fines de semana y acabe yendo cada día al principio apostaba poco y unos días ganaba y otros perdía mira el juego es una actividad ludica en el caso de los juegos de apuestas ademas interviene la sensacion de poder dar un pelotazo todo esto hace que el juego de apuestas nos sea muy agradable pero tambien es muy adictivo y cuando llegamos a un punto de adicion entoces el juego se convierte en una tortura porque ya no podemos controlar ni el tiempo ni la cantidad de dinero da igual que ganemos o perdamos la adiccion hace que queramos jugar mas y mas mientras ganamos perdemos va equilibrado no dejamos de jugar cuando las perdidas hacen que no podamos jugar entoces pasamos a la busqueda de dinero llegamos a condicionar toda nuestra vida al juego por tu relato estas en las puertas tienes que decidir si entras o no si no entras y lo deja tal y como esta no te habra quitado mas que esa cantidad que puedes pensar que has gastado en cualquier otra cosa y pasar pagina si entras te volveremos a ver por aqui tratando de salir y el pobrema es que la entrada la tienes muy facil pero la salida es muy dificil ironia cuando entras en una compañia telefono movil todo son facilidades pero cuando quieres salir es muy complicado pues algo similar pero mucho mas grave solo tengo 500 euros y solo pienso en recuperar esos 3 500 euros que e perdido de mis ahorros usa los 500 en una buena fiesta y quedate con ese recuerdo__________________ vencer la ludopatia1º aceptacion 2º convencimiento 3ºresolusion y tratamiento
8	007	298427	Estela no me gusta que para defender una postura indefendible trates de utilizar cualquier cosa ambos sabemos cual era tu intencion en el primer mensaje se trataba de dar un toque de atencion a que muy facilmente se le busca explicaciones a comportamientos de nuestro mayores cuando se salen de lo que a nosotros nos gustaria que fueran y no es la primera vez que por no aceptar lo que hacen buscamos causas que casi nunca corresponden a la realidad por ejemplo decimos que como van a menudo a jugar son ludopatas cuando lo que deberiamos de ver realmente si solo es una distraccion y si es asi tratar de prevenirlos del peligro que puede conllevar ir muy a menudo a jugar incluso implicarnos de modo que en todo momento sepamos hasta que punto se pueden descontrolar y poderles ayudar a que eso no ocurra en definitiva dejarles vivir su vida pero estando atentos para que no cometan imprudencias pero amiga mia con tu obsecion de defender tu postura has llegado a degenerar en cosas sin sentido poco menos que has venido a decir que por ser mayor y haber trabajado toda su vida por su familia estos deben dejarlo no mas aun deben de colaborar en que si quiere destruirse lo que le queda de vida dejandose exclavizar por el juego pues que lo haga mas o menos asi se te entiende un abrazo__________________ vencer la ludopatia1º aceptacion 2º convencimiento 3ºresolusion y tratamiento
8	008	215142	 ricardoo escribió Señores quiero escribir esto por que me tengo hasta miedo no creo que haya nadie mas enfermo que yo estoy enfermo ustedes me diran que yo no pongo nada de mi parte y quizas tengan razon pero las cosas que hago son de locos si de locos me explico Tenia en mi tarjeta de debito 900 euros pues bien empiezo con 30 euros en el casino online los pierdo meto 50 los pierdo meto 100 los pierdo meto 150 entonces gano 1000 total yo ya todo contento me creia el rey resumiendo al final perdi los 1000 que habia ganado y los 900 que me quedaban eso fue el 2 de febrero pero es que esta mañana he cobrado una factura de 400 euros y me los he fundido en dos horas otra vez en la ruletita os juro por Dios que esto es asi y cualquiera que me lea dira este tio esta loco o no es normal por eso digo que me doy miedo ahora mismo le tengo un asco al juego impresionante yo hace tiempo ya que no jugaba de esa forma tan descontrolada esta mañana he metido esos 400 euros por que pensaba recuperar los 900 y multiplicarlos un poco lo dicho me ha dado un puntazo y me he jugado todo el sueldo en un mes decirme la gravedad de esta situacion si deberia ir a una asociacion o ir directamente al maricomio repito una locura como estas hace tiempo ya que no la cometia si ustedes supieran la rabia que tengo ahora es que no puedo jugar joder no puedo jugar yo no puedo jugar yo no puedo jugar no pudo jugar hostias no puedo jugar por que siempre me pasa igual joder yo no puedo jugar yo no puedo jugar yo no puedo jugar por que no podre jugar como una persona normal 
8	009	215150	 ricardoo escribió Señores quiero escribir esto por que me tengo hasta miedo no creo que haya nadie mas enfermo que yo estoy enfermo ustedes me diran que yo no pongo nada de mi parte y quizas tengan razon pero las cosas que hago son de locos si de locos me explico Tenia en mi tarjeta de debito 900 euros pues bien empiezo con 30 euros en el casino online los pierdo meto 50 los pierdo meto 100 los pierdo meto 150 entonces gano 1000 total yo ya todo contento me creia el rey resumiendo al final perdi los 1000 que habia ganado y los 900 que me quedaban eso fue el 2 de febrero pero es que esta mañana he cobrado una factura de 400 euros y me los he fundido en dos horas otra vez en la ruletita os juro por Dios que esto es asi y cualquiera que me lea dira este tio esta loco o no es normal por eso digo que me doy miedo ahora mismo le tengo un asco al juego impresionante yo hace tiempo ya que no jugaba de esa forma tan descontrolada esta mañana he metido esos 400 euros por que pensaba recuperar los 900 y multiplicarlos un poco lo dicho me ha dado un puntazo y me he jugado todo el sueldo en un mes decirme la gravedad de esta situacion si deberia ir a una asociacion o ir directamente al maricomio repito una locura como estas hace tiempo ya que no la cometia si ustedes supieran la rabia que tengo ahora es que no puedo jugar joder no puedo jugar yo no puedo jugar yo no puedo jugar no pudo jugar hostias no puedo jugar por que siempre me pasa igual joder yo no puedo jugar yo no puedo jugar yo no puedo jugar por que no podre jugar como una persona normal Amigo Ricardoo como te han dicho no solo se puede decir sino creerte lo que dices mira tus palabras son las mismas de muchos de nosotros que nos hemos dicho mil millones de veces para que vendría porque vería esa jugada pero que tonto soy porque seguiría si tenia todo ganado no juego mas esta es la ultima vez tenia que haberme levantado de la mesa a la hora que dije etc 
8	010	79799	mira chico por tu edad ya te he dicho anteriormente que tienes a tu favor el tener mucho por lo que luchar a ver chico es logico que a nivel economico desees poder disponer de mas de lo que dispones pero dado tu mente adictiva no te puedes hacer nunca el planteamiento de intentar mejorar tu economia con el juego primero tienes que tratar aprender a valorar mas lo que tienes seguro que entre tus compañeros los hay con menos segundo esta bien mejorar tu poder adquisitivo pero las cabalas debes diriguirla a la posibilidad de ganar algunos ingresos con alguna actividad a tiempo parcial clases de repaso algunas horas de lavaplatos camarero canguro repatidor de pizzas etc etc dedicaras algunas horas a algun trabajo que te permitira mejorar tu poder adquisitivo y ademas seguro no como el juego claro que eso requiere un esfuerzo mientras que el juego era casi un placer pero te quitaba el tiempo y no mejoraba tu economia no se si me has entendido comprendo que te apeteciera tener algun detalle mas grande con tu novia pero o una de dos te adacta a vivir con lo que tienes o mejora tu situacion con esfuerzo pero el juego no es nunca el camino ni tan siquiera cuando te planteas que dispones de una cantidad determinada que si la perdiese no afectaria a tu economia sabes de sobra que ese es un camino equivocado asi pues enseña a tu mente en cabilar hacia otros camino a la hora de cabilar sobre unas mejoras economicas un abrazo chico estoy orgulloso de como te estas comportando yo tambien te quiero__________________ vencer la ludopatia1º aceptacion 2º convencimiento 3ºresolusion y tratamiento
9	001	345250	Por qué juego no para mí ahora me importa más el por qué no juego 
9	002	88466	amigo robocob0302 esta claro de que tenemos vision muy distintas de lo que es la ludopatia y por tanto tenemos una vision muy diferente de como convatirla por supuesto yo creo que mi vision es mas aproximada a la realidad que la tuya pero de lo que si estoy seguro es que tu metodo de conbatir la ludopatia no silve si vemos la ludopatia desde mi punto de vista tu te empeña en que nos mentalicemos de lo adsurdo que es jugar y por tanto hemos de pensar que todos los que juegan son idiotas yo en cambio opino que para el que no esta enfermo el juego puede ser como cualquier otra actividad creo que si yo me hubiese propuesto apartarme del juego convenciendome de lo adsurdo que es jugar no lo habria conseguido en cambio me convenci de que indepentiendemente de que fuese de tonto jugar la realidad era que yo no podia jugar no porque fuese tonto jugar sino porque cuando yo juego pierdo todo el control soy incapaz de actuar racionalmente juego totalmente sin sentido y sin parar y logicamente hago burradas que una persona no enferma jamas haria en fin son puntos de vista pero ojo si te empeñas en aplicarte ese metodo de considerar que es adsurdo jugar y no te conciencia de que ademas de ser adsurdo jugar tu eres incapaz de jugar de folma controlada tal vez algun dia te veas metido otra vez en la mierda un abrazo__________________ vencer la ludopatia1º aceptacion 2º convencimiento 3ºresolusion y tratamiento
9	003	39157	La mayoría de los ludopatas que entramos en el foro lo hacemos cuando nos encontramos en una situación dramática económicamente hablando En esas circunstancias estamos totalmente convencido de que nunca más jugaremos si conseguimos arreglar la situación Aún no comprendemos que estamos atrapados por una enfermedad Al igual que no comprendemos como hemos llegado tan lejos tampoco comprendemos que la enfermedad hará exactamente lo mismo en cuanto tenga ocasión Está situacion dramática deberíamos aprovecharla para tomar conciencia de la realidad y empecemos un tratamiento adecuado Nos decimos si salgo de esta nunca más juego Pero eso no depende de nuestra voluntad El planteamiento correcto debería de ser Me pongo en tratamiento acudo a profesionales pido ayuda a los míos para poder hacer una rehabilitación correcta Cuando mi rehabilitación este encaminada y con buenas perspectivas trataré de buscar solución va lo económico Por supuesto pensaréis es que no tengo ni para comer Chicos la situación catastrófica se repite una y otra vez mientras no nos rehabilitamos Y cada vez va empeorando perdiendo mucho más que dinero Haciendo cosas inmorales y en contra de nuestra moral bajo la excusa de que no nos queda más remedio Yo jamás robe para jugar Pero si lo hice para que mis hijos pudieran comer El caso es que mis hijos no tenían para comer porque el día anterior me lo había gastado jugando Es muy fácil perder la dignidad justificando nos en una situación dramática olvidando que esa situación es causada por la ludopatía En fin yo entiendo que el que entra aquí agobiado por no tener ni para comer y con deudas inasumibles lo hace buscando como mínimo un poco de empatía pero lo que de verdad nesecita es entender que está enfermo y que está situación se le va a repetir continuamente si no empieza por combatir la enfermedad y en ese caso las buenas intenciones no sirven de nada Saludos
9	004	48141	Y una duda que se me ha planteado 
9	005	86652	error tus padres no han decidido no ayudarte porque no te estaban ayudando involuntariamente lo que hacian tus padres era alimentar mas tu enfermedad creo que si les pide ayuda no dinero ayuda real para seguir un tratamiento seguro que los hara felices de poder ayudarte no hay mayor dolor para un padre que la impotencia de ver a su hijo sucunbir y no poder ayudarle pero claro para eso tu tienes que tener claro en lo que estas metido y querer salir parece muy simple pero parate a pensar y te daras cuenta que en realidad ahora mismo lo que te importa es encontrar un remedio a tu situasion financiera sin darte cuenta que eso no solusiona nada mientras no atajes la ludopatia cuarquier solusion monetaria simplemente sera un parche y cuando se ponen muchos parches llega un momento que ya no vale ningun parche para arreglar el pinchazo ademas te estas llevando por delante a todos los tuyos asi pues medita tu realidad y pide ayuda de verdad estoy seguro que quines te quieren te la daran pero ayuda para salir de la ludopatia no ayuda economica que lo unico que hace es mantenerte mas tiempo si afrontar el verdadero poblema perdona soy corto en palabras y suelo enredarme mucho espero que al menos hayas entendido que has de saber que tipo de ayuda nesecitas de verdad__________________ vencer la ludopatia1º aceptacion 2º convencimiento 3ºresolusion y tratamiento
9	006	66751	el mejor antidoto para evitar eso que temes es un cambio de habitos es indudable que la ludopatia se contrae por el alto grado de adiccion que tiene el juego pero tambien es indudable que si dimos lugar a esa exposicion tan letal es porque en nuestros habitos algo no funcionaba bien tenemos que tratar de no quedarnos simplemente en la abtinencia hemos de analizarnos no se trata de buscar el motivo de nuestra adiccion se trata de darnos suficientes alicientes como para no acudir al juego en situaciones similares a las que nos llevo en fin la cuestion es que si acabamos en la adiccion es porque algo no funcionaba correctamente antes de ser adictos jugabamos sin mas el tema es porque llegamos a dedicar el tiempo nesesario para llegar a la adiccion y eso debemos corregirlo es posible que simplemente fuese que las emociones que nos producia el juego no la encontrabamos en otras actividades si es ese el caso deberiamos tratar de encontrar actividades que sustituya las emociones que el juego nos producia seguramente no hayemos nada que nos cause esas emociones pero si debemos de encontrar las que mas se aprocimen la cuestion es que en el momento que nos encontremos con una situacion delicada no sea el juego la unica salida de escape mejor dicho que el juego en ningun momento nos lo planteemos como un escape y por supuesto machacar en el convencimiento de que jamas lograremos jugar racionalmente un abrazo__________________ vencer la ludopatia1º aceptacion 2º convencimiento 3ºresolusion y tratamiento
9	007	50029	El juego por un lado para quien lo quiera 
9	008	322819	No es necesario que otras personas te lo digan para creerlo 
9	009	146255	necesito ayuda y descargar todo lo que tengo dentro
9	010	180449	tienes que pedir ayuda profesional 
